name,email,gender
1,dvasishchev0@i2i.jp,Female
2,msurcomb1@cbc.ca,Male
3,agaul2@histats.com,Male
4,cohartagan3@ning.com,Male
5,lmaccaughey4@paypal.com,Female
6,mjeffress5@blog.com,Female
7,abenterman6@homestead.com,Female
8,rglennie7@de.vu,Male
9,pbuckham8@ning.com,Male
10,tmoen9@miitbeian.gov.cn,Male
11,rchisletta@chronoengine.com,Male
12,ijacobsonb@weebly.com,Female
13,sbestwerthickc@forbes.com,Male
14,amellyd@cbsnews.com,Female
15,letherseye@hhs.gov,Female
16,dlangelaanf@harvard.edu,Male
17,klambertazzig@parallels.com,Male
18,yuphamh@illinois.edu,Male
19,dtrusslovei@alibaba.com,Female
20,gsarjeantj@yolasite.com,Male
21,apresdiek@chron.com,Male
22,egoodeel@merriam-webster.com,Male
23,lkalewem@imdb.com,Male
24,gzarbn@chron.com,Female
25,pmartinieo@java.com,Female
26,tmartellinip@vistaprint.com,Male
27,cgoldwaterq@privacy.gov.au,Female
28,spickupr@hp.com,Male
29,mmcneighs@uol.com.br,Female
30,rlytllet@google.com,Male
31,jmcmeekinu@gravatar.com,Male
32,hdalyv@accuweather.com,Male
33,awahnckew@sakura.ne.jp,Male
34,ireochx@eepurl.com,Female
35,hbransony@amazon.de,Female
36,smcalpinz@zimbio.com,Male
37,vhancorn10@aboutads.info,Male
38,amapledoram11@mapy.cz,Female
39,cjereatt12@examiner.com,Female
40,bdoni13@answers.com,Female
41,bblundon14@canalblog.com,Female
42,aantonescu15@soundcloud.com,Male
43,ctregido16@flavors.me,Male
44,swesley17@ucsd.edu,Male
45,mpiggin18@cnn.com,Female
46,emenichino19@dailymotion.com,Female
47,dkrause1a@bing.com,Male
48,rjeannin1b@blogtalkradio.com,Female
49,aconibear1c@cornell.edu,Male
50,wcomolli1d@theatlantic.com,Female
51,csworne1e@multiply.com,Male
52,yandrat1f@microsoft.com,Female
53,ebreissan1g@homestead.com,Male
54,button1h@wp.com,Female
55,jboken1i@psu.edu,Female
56,edenver1j@apache.org,Female
57,mmclane1k@instagram.com,Female
58,gmourant1l@aboutads.info,Male
59,cwannan1m@nyu.edu,Male
60,mroscam1n@alexa.com,Male
61,mjaggli1o@blog.com,Male
62,swinterbourne1p@paginegialle.it,Male
63,egipson1q@sourceforge.net,Female
64,rgreensmith1r@microsoft.com,Female
65,wwillisch1s@sitemeter.com,Male
66,smeaddowcroft1t@odnoklassniki.ru,Male
67,kcriple1u@salon.com,Female
68,cfeitosa1v@people.com.cn,Male
69,lmatusiak1w@plala.or.jp,Female
70,avasyukov1x@opera.com,Male
71,dnangle1y@github.io,Female
72,mcastletine1z@jimdo.com,Male
73,lyanshinov20@phoca.cz,Female
74,ydeatta21@devhub.com,Female
75,gfalks22@booking.com,Male
76,bculter23@psu.edu,Male
77,cdodsworth24@reference.com,Male
78,ngantzer25@surveymonkey.com,Male
79,apellew26@marketwatch.com,Female
80,fhaxley27@imdb.com,Male
81,jfreeburn28@is.gd,Male
82,fjolland29@exblog.jp,Female
83,iwhatmough2a@ow.ly,Male
84,bcreasey2b@freewebs.com,Male
85,tvoller2c@wikia.com,Female
86,jbosdet2d@smh.com.au,Male
87,rgerber2e@microsoft.com,Female
88,dozanne2f@spotify.com,Male
89,mjinkins2g@dailymail.co.uk,Female
90,nmacgillacolm2h@biblegateway.com,Female
91,jgwin2i@vkontakte.ru,Male
92,rstothard2j@mayoclinic.com,Male
93,ecuttle2k@mysql.com,Female
94,olanfare2l@ovh.net,Male
95,ncrispin2m@a8.net,Male
96,vcheasman2n@si.edu,Female
97,swix2o@printfriendly.com,Female
98,nwiggall2p@sun.com,Female
99,rrattenbury2q@storify.com,Male
100,aalford2r@hubpages.com,Male
101,sgadsby2s@opensource.org,Female
102,rdoornbos2t@dropbox.com,Female
103,abaddeley2u@nih.gov,Male
104,rpaxton2v@wp.com,Female
105,iturbill2w@businesswire.com,Female
106,aheintze2x@over-blog.com,Female
107,lruselin2y@noaa.gov,Female
108,mcarnew2z@squarespace.com,Male
109,byashaev30@msn.com,Female
110,atofanelli31@jugem.jp,Male
111,hspence32@virginia.edu,Female
112,smccarle33@sakura.ne.jp,Female
113,bkeelin34@washington.edu,Male
114,cbennetto35@noaa.gov,Male
115,msewell36@reverbnation.com,Female
116,jlemarie37@opensource.org,Female
117,epoure38@cbslocal.com,Male
118,ashayes39@apple.com,Male
119,gmacgowan3a@cbc.ca,Male
120,equakley3b@princeton.edu,Male
121,mchate3c@last.fm,Male
122,dcathee3d@cbc.ca,Female
123,ccollopy3e@netvibes.com,Female
124,rorteu3f@wisc.edu,Male
125,spadkin3g@fc2.com,Male
126,sgrewar3h@photobucket.com,Female
127,jmatyugin3i@skyrock.com,Female
128,twhitham3j@wisc.edu,Male
129,agosselin3k@about.com,Male
130,yicke3l@ovh.net,Male
131,sjakoub3m@npr.org,Male
132,gbriereton3n@yale.edu,Female
133,vorhrt3o@trellian.com,Female
134,ewidocks3p@oakley.com,Male
135,criep3q@ucla.edu,Male
136,dminithorpe3r@gizmodo.com,Male
137,hdavidwitz3s@usgs.gov,Female
138,btoon3t@trellian.com,Male
139,achristley3u@cbc.ca,Female
140,atottman3v@ucoz.com,Female
141,mpomfrett3w@netlog.com,Female
142,cwhellans3x@storify.com,Female
143,eboadby3y@netvibes.com,Female
144,jbruhnke3z@1688.com,Male
145,bdalessio40@ucoz.com,Female
146,ggoodsal41@cnbc.com,Female
147,blittleover42@bluehost.com,Female
148,tcoupland43@answers.com,Female
149,rhurich44@tiny.cc,Female
150,jelvy45@tinyurl.com,Female
151,kballin46@cbslocal.com,Male
152,ceisak47@flickr.com,Female
153,cstorre48@a8.net,Female
154,gecles49@xrea.com,Female
155,rspacey4a@yahoo.co.jp,Male
156,ppinckstone4b@gizmodo.com,Female
157,ahuston4c@ning.com,Male
158,pleader4d@multiply.com,Male
159,rwoof4e@pbs.org,Female
160,cboddis4f@indiegogo.com,Female
161,enorthgraves4g@answers.com,Female
162,cpiddletown4h@tuttocitta.it,Male
163,tglentz4i@admin.ch,Male
164,cmiettinen4j@freewebs.com,Female
165,glaw4k@bandcamp.com,Male
166,dmorales4l@sina.com.cn,Female
167,mavis4m@yelp.com,Female
168,mwoodburne4n@woothemes.com,Male
169,ibrodeau4o@sfgate.com,Male
170,mmacmurray4p@google.nl,Female
171,htrytsman4q@free.fr,Male
172,pentwisle4r@mashable.com,Male
173,derett4s@fda.gov,Male
174,bcrutcher4t@imdb.com,Female
175,ngreenly4u@nih.gov,Female
176,gwidd4v@omniture.com,Male
177,gkisting4w@sourceforge.net,Female
178,rtipton4x@vk.com,Female
179,gfrisby4y@vk.com,Male
180,ofellnee4z@vimeo.com,Female
181,cadess50@economist.com,Male
182,jkillock51@purevolume.com,Male
183,aknellen52@slate.com,Male
184,dbryden53@wiley.com,Female
185,owabe54@hud.gov,Female
186,fschulke55@parallels.com,Female
187,tlawtey56@cisco.com,Male
188,wditch57@slideshare.net,Female
189,jholcroft58@engadget.com,Female
190,mclail59@webs.com,Female
191,lparris5a@google.com.br,Male
192,bfreezer5b@storify.com,Female
193,dokker5c@delicious.com,Female
194,adavidowich5d@pcworld.com,Female
195,aharsnipe5e@miibeian.gov.cn,Male
196,hpittham5f@forbes.com,Male
197,rfilipychev5g@samsung.com,Female
198,hochiltree5h@webmd.com,Female
199,jpuller5i@issuu.com,Male
200,ibreukelman5j@miibeian.gov.cn,Female
201,dkirley5k@indiegogo.com,Male
202,mgages5l@csmonitor.com,Female
203,dknevit5m@themeforest.net,Female
204,smcparlin5n@wiley.com,Male
205,zkarpushkin5o@uol.com.br,Male
206,hseakings5p@ftc.gov,Female
207,dbrownscombe5q@blog.com,Male
208,bpridham5r@jugem.jp,Female
209,ftow5s@statcounter.com,Female
210,tsamme5t@last.fm,Female
211,hedmeads5u@archive.org,Female
212,kpoints5v@ucoz.ru,Female
213,pcurran5w@yandex.ru,Female
214,abrownbridge5x@vistaprint.com,Male
215,amaciunas5y@technorati.com,Female
216,dferries5z@chicagotribune.com,Female
217,mguwer60@tinyurl.com,Male
218,dnoakes61@google.it,Male
219,kwarfield62@kickstarter.com,Female
220,hpughe63@theglobeandmail.com,Female
221,cbertwistle64@wikispaces.com,Male
222,pmcphillimey65@auda.org.au,Female
223,cscourge66@example.com,Female
224,biglesia67@newsvine.com,Male
225,mdacey68@stanford.edu,Male
226,bbecom69@unicef.org,Male
227,xcrosston6a@cam.ac.uk,Male
228,lratcliffe6b@people.com.cn,Male
229,cwhitta6c@booking.com,Female
230,gmacaulay6d@microsoft.com,Female
231,bpymm6e@fastcompany.com,Female
232,ikeedwell6f@xing.com,Female
233,fangel6g@businesswire.com,Male
234,ssoffe6h@berkeley.edu,Female
235,lminor6i@spotify.com,Male
236,dmaffioletti6j@canalblog.com,Male
237,cloads6k@nih.gov,Male
238,aprozillo6l@nydailynews.com,Male
239,lduerden6m@hc360.com,Female
240,ymackereth6n@mtv.com,Male
241,hdunthorn6o@marketwatch.com,Female
242,ncastro6p@constantcontact.com,Male
243,kharpin6q@nba.com,Female
244,eluno6r@deviantart.com,Female
245,eshewsmith6s@reuters.com,Male
246,dmcalester6t@arstechnica.com,Female
247,stupp6u@moonfruit.com,Male
248,swinks6v@biglobe.ne.jp,Female
249,mthripp6w@hud.gov,Female
250,mgullen6x@odnoklassniki.ru,Male
251,dfahrenbacher6y@pinterest.com,Female
252,dcayford6z@unc.edu,Male
253,asnap70@state.tx.us,Female
254,bmurden71@netvibes.com,Male
255,pquinnell72@elpais.com,Female
256,ccapner73@lulu.com,Male
257,zjirusek74@google.es,Female
258,amacduffie75@squarespace.com,Male
259,mmetcalfe76@foxnews.com,Female
260,hgorst77@miibeian.gov.cn,Male
261,hfredy78@people.com.cn,Male
262,dchezelle79@xinhuanet.com,Female
263,mbuzzing7a@com.com,Male
264,abrennen7b@paginegialle.it,Female
265,smerrisson7c@auda.org.au,Male
266,kkirkby7d@hhs.gov,Female
267,nsharrem7e@icq.com,Male
268,btilling7f@moonfruit.com,Male
269,gpounds7g@bloglovin.com,Female
270,jgrumble7h@ox.ac.uk,Male
271,etocqueville7i@discovery.com,Female
272,dmorphew7j@digg.com,Male
273,ehardman7k@google.it,Female
274,dfinlan7l@facebook.com,Female
275,kstenyng7m@timesonline.co.uk,Female
276,cdrummer7n@ow.ly,Female
277,lstuther7o@xing.com,Female
278,sryman7p@example.com,Female
279,lstockell7q@over-blog.com,Male
280,rvipan7r@smh.com.au,Male
281,mpicker7s@oracle.com,Male
282,kgionettitti7t@mozilla.com,Female
283,cbande7u@slate.com,Female
284,jannandale7v@mail.ru,Male
285,aabramski7w@si.edu,Female
286,gmatyushenko7x@apple.com,Male
287,kspurgeon7y@merriam-webster.com,Male
288,dtethcote7z@epa.gov,Male
289,mgellett80@opera.com,Female
290,ehayes81@huffingtonpost.com,Male
291,afoulsham82@ehow.com,Male
292,cwisden83@cbsnews.com,Male
293,stuckey84@shareasale.com,Female
294,rsloam85@weebly.com,Male
295,afells86@goo.ne.jp,Male
296,pbourdas87@wix.com,Male
297,kvanns88@sun.com,Female
298,dsimchenko89@yolasite.com,Male
299,ltalboy8a@live.com,Male
300,aweagener8b@timesonline.co.uk,Female
301,dtyler8c@moonfruit.com,Male
302,rashness8d@wix.com,Female
303,bmontford8e@hud.gov,Male
304,jboniface8f@usda.gov,Female
305,rvasler8g@altervista.org,Female
306,gmenaul8h@newyorker.com,Female
307,kbeebe8i@google.ca,Male
308,wkinglake8j@alibaba.com,Male
309,fsilverton8k@etsy.com,Male
310,pkay8l@pcworld.com,Female
311,idreossi8m@delicious.com,Male
312,dshowl8n@ftc.gov,Female
313,gchiechio8o@csmonitor.com,Male
314,bbygraves8p@squidoo.com,Female
315,thincks8q@timesonline.co.uk,Male
316,gconstantinou8r@cnn.com,Male
317,clepage8s@chronoengine.com,Female
318,plouiset8t@cam.ac.uk,Female
319,smaclucais8u@google.pl,Male
320,ggoodredge8v@domainmarket.com,Female
321,afarleigh8w@uiuc.edu,Female
322,sdoyle8x@google.co.uk,Female
323,mcrebott8y@ning.com,Male
324,zmannooch8z@samsung.com,Male
325,tclausenthue90@ning.com,Male
326,lsheeres91@google.nl,Male
327,mrosenqvist92@pen.io,Male
328,rthurske93@51.la,Male
329,gstedall94@deliciousdays.com,Male
330,jletson95@unesco.org,Female
331,aturri96@weebly.com,Male
332,gfranz97@4shared.com,Female
333,gmethley98@netlog.com,Female
334,lmingauld99@ifeng.com,Male
335,tgregoire9a@bizjournals.com,Male
336,mmeddings9b@com.com,Male
337,myosevitz9c@pen.io,Female
338,acrumb9d@google.fr,Male
339,smulqueen9e@blogger.com,Male
340,ggendrich9f@technorati.com,Male
341,jizhaky9g@ihg.com,Female
342,sroobottom9h@netscape.com,Male
343,aelwyn9i@ezinearticles.com,Male
344,arosencrantz9j@msu.edu,Female
345,wkatte9k@biglobe.ne.jp,Female
346,cbohlje9l@dedecms.com,Female
347,djackson9m@phoca.cz,Male
348,evandenvelde9n@businessweek.com,Male
349,along9o@feedburner.com,Male
350,nelegood9p@addtoany.com,Male
351,locklin9q@ustream.tv,Female
352,vcoales9r@123-reg.co.uk,Female
353,fmullender9s@elegantthemes.com,Male
354,dkimbly9t@google.com.au,Male
355,mbouzan9u@who.int,Female
356,rcervantes9v@ihg.com,Male
357,czanitti9w@netscape.com,Male
358,scristoferi9x@dot.gov,Female
359,alewins9y@craigslist.org,Male
360,brosina9z@amazon.co.jp,Female
361,glankestera0@prlog.org,Female
362,heleya1@creativecommons.org,Female
363,jomullallya2@taobao.com,Male
364,mcaytona3@wix.com,Male
365,asekullaa4@skyrock.com,Male
366,llovedaya5@wikimedia.org,Male
367,eketchasidea6@harvard.edu,Female
368,fblackbourna7@t-online.de,Male
369,gbadera8@marriott.com,Female
370,dbeaversa9@smugmug.com,Female
371,gfathersaa@seattletimes.com,Female
372,molechnowiczab@ed.gov,Male
373,lmannockac@guardian.co.uk,Female
374,jmatijasevicad@foxnews.com,Female
375,ebadrockae@mapquest.com,Female
376,rhaineyaf@pinterest.com,Female
377,rsigginag@cdbaby.com,Male
378,ialenovah@behance.net,Male
379,hmccruddenai@mtv.com,Female
380,jloodyaj@mtv.com,Female
381,jwollrauchak@cmu.edu,Male
382,epinillaal@blogger.com,Female
383,ggurgeam@jugem.jp,Male
384,plequesnean@biglobe.ne.jp,Female
385,mtallowinao@taobao.com,Female
386,rdrohaneap@1688.com,Female
387,rlathleiffaq@japanpost.jp,Female
388,pwyettar@bigcartel.com,Female
389,rlanteas@adobe.com,Female
390,cdefreitasat@acquirethisname.com,Female
391,gborrieau@netlog.com,Female
392,lrubensav@ovh.net,Male
393,askitchaw@storify.com,Female
394,epettieax@epa.gov,Female
395,lcampbellay@admin.ch,Male
396,nstorraraz@odnoklassniki.ru,Female
397,ddalemanb0@google.pl,Female
398,bfoffanob1@prweb.com,Female
399,atruckellb2@thetimes.co.uk,Male
400,msalterb3@51.la,Female
401,mistonb4@discovery.com,Female
402,ocrosettib5@npr.org,Female
403,kcornillotb6@japanpost.jp,Male
404,akearneyb7@scientificamerican.com,Female
405,mmuskb8@cpanel.net,Female
406,kcradyb9@un.org,Male
407,ofaulkenerba@youtu.be,Female
408,rpattonbb@purevolume.com,Male
409,dmeadbc@eventbrite.com,Female
410,sarnaldibd@icio.us,Male
411,tbutchardbe@marriott.com,Male
412,bklosabf@imageshack.us,Female
413,ispoffordbg@house.gov,Female
414,bdelaspeebh@marketwatch.com,Male
415,ltargetterbi@paypal.com,Male
416,gburtbj@blogs.com,Male
417,dmacphersonbk@ihg.com,Male
418,kkayesbl@state.tx.us,Male
419,bpairemanbm@samsung.com,Female
420,hhuchotbn@yahoo.co.jp,Male
421,vimpybo@indiegogo.com,Male
422,cmckellenbp@yale.edu,Male
423,emcasparanbq@google.com.hk,Female
424,fwhawellbr@lulu.com,Female
425,ushrubsallbs@sohu.com,Male
426,seyrebt@wikimedia.org,Male
427,dledwichbu@cmu.edu,Female
428,awonesbv@ning.com,Female
429,dcaughtbw@friendfeed.com,Female
430,rrysombx@mlb.com,Female
431,tspilemanby@diigo.com,Female
432,hgoodletbz@reuters.com,Male
433,nodriscollc0@flickr.com,Male
434,abarthramc1@posterous.com,Male
435,strebblec2@ustream.tv,Female
436,ajentgesc3@networkadvertising.org,Female
437,zhunterc4@gnu.org,Female
438,aoehmec5@reddit.com,Female
439,jcoombsc6@miitbeian.gov.cn,Male
440,svearc7@tumblr.com,Female
441,tarmalc8@mapquest.com,Female
442,weglec9@youtu.be,Female
443,dmalcolmca@soup.io,Female
444,njorckecb@rambler.ru,Female
445,bmackilroecc@jalbum.net,Female
446,asmeecd@nsw.gov.au,Male
447,mdmitrievskice@godaddy.com,Female
448,moppycf@time.com,Male
449,smcelreacg@hugedomains.com,Female
450,sbruhkech@seesaa.net,Male
451,cmulhollandci@independent.co.uk,Female
452,tlambotincj@state.gov,Male
453,dwoollerck@edublogs.org,Female
454,dstrangcl@oracle.com,Female
455,eperezcm@t.co,Male
456,vzoanecn@google.nl,Male
457,tholburyco@wunderground.com,Female
458,ejoinseycp@feedburner.com,Male
459,coflahertycq@biblegateway.com,Male
460,lmackaincr@blinklist.com,Male
461,dtimbrellcs@sakura.ne.jp,Male
462,atodeoct@spiegel.de,Female
463,hspoorscu@sphinn.com,Male
464,crixoncv@marketwatch.com,Male
465,cfallowscw@exblog.jp,Female
466,vbracchicx@ocn.ne.jp,Female
467,bfritschelcy@springer.com,Male
468,abrioncz@last.fm,Male
469,hpaviourd0@who.int,Male
470,tmacguigand1@wordpress.com,Male
471,dkeymard2@reuters.com,Male
472,frossettid3@ed.gov,Male
473,pnoored4@netlog.com,Male
474,byud5@slate.com,Male
475,jkibbed6@phoca.cz,Female
476,hfritchlyd7@youku.com,Male
477,cbutlind8@free.fr,Female
478,catlingd9@yandex.ru,Male
479,hboyesda@pen.io,Female
480,bspiringdb@prnewswire.com,Male
481,htitedc@newyorker.com,Male
482,vmaccrackandd@jimdo.com,Male
483,scasboltde@slashdot.org,Male
484,asimdf@google.com,Male
485,bobrollachaindg@gravatar.com,Female
486,vpogsondh@hc360.com,Male
487,ldeerydi@icq.com,Female
488,vmeinerdj@indiegogo.com,Female
489,gllelwelndk@wisc.edu,Male
490,ldrogandl@nih.gov,Male
491,asabatedm@ftc.gov,Female
492,efloreydn@nifty.com,Female
493,lnunnerydo@flavors.me,Female
494,bwicklendp@hubpages.com,Female
495,mfrowingdq@hao123.com,Male
496,jowbrickdr@apple.com,Female
497,omaginnds@flavors.me,Male
498,mmeaderdt@cnet.com,Female
499,fgubbinsdu@blogtalkradio.com,Female
500,tdonettdv@usda.gov,Female
501,dgurrydw@altervista.org,Male
502,lthorouggooddx@msu.edu,Female
503,htarzeydy@msu.edu,Female
504,topdenortdz@nifty.com,Male
505,bdykae0@huffingtonpost.com,Male
506,hproppere1@goodreads.com,Male
507,alagoe2@nymag.com,Female
508,jforane3@cafepress.com,Male
509,iselwine4@cornell.edu,Female
510,cdemkoe5@woothemes.com,Female
511,mduxbarrye6@wordpress.com,Female
512,bquenbye7@dion.ne.jp,Female
513,pdolligone8@boston.com,Female
514,pcleefe9@japanpost.jp,Male
515,cbonnettea@netvibes.com,Male
516,aegaltoneb@japanpost.jp,Female
517,aswindonec@usnews.com,Male
518,bjoynted@craigslist.org,Female
519,ttabrettee@myspace.com,Female
520,fluetyef@t-online.de,Male
521,myoungloveeg@cbc.ca,Female
522,iivashnikoveh@google.pl,Male
523,ldyottei@edublogs.org,Female
524,dspicerej@yahoo.com,Female
525,afairhamek@mit.edu,Male
526,ghuntarel@cbc.ca,Female
527,dbestallem@artisteer.com,Female
528,nthomen@phoca.cz,Male
529,itateeo@ning.com,Male
530,cshierep@noaa.gov,Male
531,pdowsetteq@etsy.com,Male
532,slismoreer@illinois.edu,Male
533,lrowntreees@storify.com,Male
534,jfewtrellet@senate.gov,Female
535,sarangyeu@dyndns.org,Female
536,kblackhamev@is.gd,Male
537,tlampew@51.la,Female
538,bwidmoreex@nifty.com,Female
539,sdufaireey@unicef.org,Male
540,ahesbrookez@naver.com,Male
541,lberardtf0@geocities.jp,Female
542,fpallyf1@goo.ne.jp,Male
543,alutwidgef2@amazon.de,Male
544,nmayfieldf3@stumbleupon.com,Female
545,cdaymentf4@nifty.com,Male
546,cpoytherasf5@redcross.org,Female
547,lwettonf6@pcworld.com,Male
548,esiehardf7@microsoft.com,Male
549,bempletonf8@shop-pro.jp,Female
550,agrievef9@wp.com,Female
551,uroakesfa@marketwatch.com,Male
552,jcamellifb@mac.com,Male
553,mhullyerfc@sciencedaily.com,Female
554,sflaxmanfd@nifty.com,Female
555,lpurverfe@livejournal.com,Male
556,tcaddockff@deviantart.com,Male
557,aoxleyfg@github.com,Female
558,dbeumantfh@blogtalkradio.com,Female
559,vwainfi@gmpg.org,Female
560,sgooderedfj@amazon.co.uk,Male
561,bgoldsfk@nhs.uk,Male
562,rhatchettefl@yandex.ru,Male
563,dbarkefm@blogger.com,Female
564,atitherfn@google.it,Male
565,apidginfo@cnbc.com,Female
566,rsussexfp@cdc.gov,Male
567,amcguinnessfq@wikia.com,Male
568,ghargravefr@nba.com,Female
569,lnibleyfs@mac.com,Male
570,ashemwellft@businessweek.com,Female
571,fnighfu@lulu.com,Male
572,gauthersfv@noaa.gov,Female
573,fkelemenfw@bing.com,Female
574,grickabyfx@e-recht24.de,Male
575,ddargavelfy@epa.gov,Male
576,kbiskupiakfz@accuweather.com,Male
577,dheaselgraveg0@istockphoto.com,Male
578,bhellyarg1@prlog.org,Female
579,rdrig2@lycos.com,Male
580,ggriswoodg3@ask.com,Female
581,rhabbesg4@uiuc.edu,Male
582,adenisyevg5@wufoo.com,Female
583,barchardg6@mediafire.com,Female
584,agreetlandg7@mit.edu,Female
585,mdurdeng8@mediafire.com,Female
586,cadamkiewiczg9@odnoklassniki.ru,Female
587,ggerretsga@spiegel.de,Male
588,aeyreegb@google.es,Female
589,jpenticostgc@hud.gov,Male
590,kenderbygd@wsj.com,Female
591,gpapezge@bluehost.com,Male
592,sedgerlygf@dailymail.co.uk,Male
593,lbrickwoodgg@feedburner.com,Female
594,sblasegh@washington.edu,Male
595,aeadmeadesgi@wp.com,Female
596,kcozinsgj@telegraph.co.uk,Female
597,ojanusgk@bizjournals.com,Male
598,estanbridgegl@vimeo.com,Female
599,dimpeygm@wunderground.com,Female
600,jmacririegn@si.edu,Female
601,sglavisgo@theguardian.com,Female
602,dreidiegp@ehow.com,Male
603,dcoangq@sakura.ne.jp,Female
604,jsharplessgr@stanford.edu,Female
605,jduligallgs@stanford.edu,Female
606,lpurveysgt@hexun.com,Female
607,nulrikgu@acquirethisname.com,Female
608,bcharlingv@mediafire.com,Male
609,ccamillerigw@godaddy.com,Female
610,cmaccartairgx@youtu.be,Male
611,tkenealygy@reuters.com,Male
612,hmeltongz@unesco.org,Male
613,ocuddehayh0@cyberchimps.com,Male
614,jshowerh1@networksolutions.com,Male
615,cdreweryh2@google.nl,Male
616,greamh3@forbes.com,Female
617,lplaneh4@gov.uk,Male
618,cskatesh5@etsy.com,Male
619,akesonh6@printfriendly.com,Male
620,dameerbegh7@cbslocal.com,Female
621,mformiglih8@privacy.gov.au,Female
622,vkieffh9@twitter.com,Male
623,nofearguiseha@engadget.com,Male
624,ncomettihb@sitemeter.com,Female
625,glambdeanhc@toplist.cz,Male
626,jgionettittihd@admin.ch,Male
627,wbarnardohe@google.co.jp,Female
628,tcartinhf@gnu.org,Male
629,selizabethhg@hugedomains.com,Female
630,aweeklandhh@jiathis.com,Female
631,mlampitthi@ezinearticles.com,Female
632,castlethj@xinhuanet.com,Male
633,sengelbrechthk@google.cn,Male
634,dinglesenthl@reddit.com,Female
635,phealeshm@fda.gov,Male
636,brodellhn@ucsd.edu,Male
637,bfiddemanho@youku.com,Male
638,gdashhp@rakuten.co.jp,Female
639,rrudallhq@liveinternet.ru,Female
640,clondinghr@topsy.com,Male
641,tsapsfordhs@hhs.gov,Male
642,dgerdinght@simplemachines.org,Female
643,ifourmanhu@gnu.org,Male
644,njaquethv@bravesites.com,Male
645,kheaphyhw@delicious.com,Male
646,cfullerlovehx@accuweather.com,Male
647,dcressyhy@behance.net,Male
648,noraehz@cnet.com,Female
649,alockwoodi0@ox.ac.uk,Male
650,jalbasinii1@nytimes.com,Male
651,pcullyi2@vk.com,Female
652,bmatussowi3@friendfeed.com,Female
653,alodemanni4@craigslist.org,Male
654,kgreenhilli5@bravesites.com,Female
655,clorriei6@arstechnica.com,Male
656,aecclesalli7@4shared.com,Female
657,lbatecoki8@facebook.com,Male
658,kdegoyi9@ovh.net,Female
659,clangsdonia@ucla.edu,Male
660,swoodyeareib@dell.com,Female
661,lcockroftic@buzzfeed.com,Male
662,weamerid@hibu.com,Male
663,galmanie@amazon.de,Male
664,tpendellif@japanpost.jp,Male
665,rkulicig@bloomberg.com,Male
666,rskelhornih@hatena.ne.jp,Female
667,eyurukhinii@altervista.org,Female
668,cboylandij@smugmug.com,Male
669,twhatesik@ca.gov,Female
670,mmurrthumil@archive.org,Male
671,psoutarim@huffingtonpost.com,Male
672,dhawtryin@e-recht24.de,Male
673,smcbethio@mapquest.com,Male
674,livankinip@pagesperso-orange.fr,Female
675,kgambliniq@studiopress.com,Male
676,belsegoodir@angelfire.com,Male
677,mmortonis@simplemachines.org,Male
678,costickit@naver.com,Female
679,mbaribaliu@hud.gov,Female
680,cszantoiv@shop-pro.jp,Female
681,fvalaiw@jimdo.com,Female
682,hdizlieix@addthis.com,Female
683,tdeliaiy@arstechnica.com,Female
684,sedwardsoniz@whitehouse.gov,Female
685,awildmanj0@apache.org,Male
686,godoireidhj1@artisteer.com,Male
687,dkroppj2@census.gov,Female
688,lfrancescottij3@google.com.hk,Male
689,arogerj4@homestead.com,Male
690,dlevayj5@smh.com.au,Male
691,aflaggj6@cafepress.com,Male
692,rbrownhallj7@miitbeian.gov.cn,Female
693,schamberlainj8@tamu.edu,Female
694,htaklej9@ycombinator.com,Female
695,achueja@so-net.ne.jp,Female
696,cbrennonjb@youtube.com,Male
697,hemonsjc@mashable.com,Male
698,wverrickjd@economist.com,Female
699,ljuschkaje@yale.edu,Female
700,aisakovjf@nasa.gov,Male
701,pcereceresjg@wunderground.com,Female
702,cmuffittjh@clickbank.net,Male
703,fosborneji@yale.edu,Male
704,aflawnjj@nasa.gov,Female
705,igillandersjk@vkontakte.ru,Female
706,abeswetherickjl@pen.io,Female
707,dpachmannjm@quantcast.com,Female
708,jivasechkojn@kickstarter.com,Male
709,clammerichjo@spiegel.de,Female
710,fbeateyjp@newsvine.com,Male
711,jgauljq@kickstarter.com,Female
712,imixonjr@nifty.com,Female
713,edericutjs@unblog.fr,Female
714,hspeachleyjt@livejournal.com,Female
715,lcarrabottju@rediff.com,Female
716,wlukehurstjv@squidoo.com,Male
717,cabbatuccijw@noaa.gov,Female
718,pcasemorejx@epa.gov,Female
719,spietruschkajy@ucsd.edu,Male
720,gayshfordjz@fotki.com,Female
721,arosenthalk0@mozilla.org,Male
722,mmaccrackenk1@forbes.com,Male
723,idavydochkink2@bloglovin.com,Female
724,msimonsenk3@desdev.cn,Male
725,nportailk4@comcast.net,Male
726,cfurmstonk5@epa.gov,Male
727,vdiplockk6@japanpost.jp,Female
728,bjanzenk7@hhs.gov,Female
729,namsbergerk8@thetimes.co.uk,Female
730,sferrieresk9@booking.com,Female
731,wbodenka@sciencedaily.com,Male
732,pnodeskb@ibm.com,Female
733,blindenboimkc@jugem.jp,Female
734,jbrashawkd@tripod.com,Male
735,ksowreyke@theatlantic.com,Female
736,ggaroghankf@t-online.de,Female
737,mcauldwellkg@tamu.edu,Male
738,dbaudinellikh@sciencedirect.com,Male
739,rupexki@abc.net.au,Female
740,cayarskj@netlog.com,Female
741,vvizorkk@shinystat.com,Male
742,ucoffeykl@freewebs.com,Male
743,ttregidokm@goo.ne.jp,Male
744,nmacsherrykn@yahoo.co.jp,Male
745,mmcgrealko@eventbrite.com,Male
746,cgeorghioukp@jigsy.com,Male
747,rcawderykq@who.int,Female
748,rfurmagekr@joomla.org,Male
749,ggeydonks@wired.com,Male
750,dgilloppkt@mlb.com,Male
751,ilamminamku@delicious.com,Male
752,tsurteeskv@usatoday.com,Male
753,mgarrettkw@cnet.com,Male
754,dmallowskx@netlog.com,Male
755,rwelbrockky@bbb.org,Female
756,cvasyukhnovkz@aboutads.info,Female
757,aallsepl0@1und1.de,Male
758,cfothergilll1@ted.com,Male
759,ngoolyl2@bigcartel.com,Male
760,cshallikerl3@paypal.com,Female
761,vmelchiorl4@unc.edu,Male
762,ncuskeryl5@w3.org,Male
763,aboonl6@cbsnews.com,Male
764,meddowesl7@wordpress.org,Female
765,rcolesl8@dailymail.co.uk,Female
766,akarchewskil9@mysql.com,Female
767,jpiriela@google.com.hk,Female
768,clandlb@360.cn,Female
769,sfanninglc@symantec.com,Male
770,ftennockld@businessweek.com,Male
771,abartolomeazzile@goo.ne.jp,Female
772,cduhamellf@facebook.com,Female
773,ubakerlg@uol.com.br,Male
774,danteckilh@msu.edu,Male
775,ivernazzali@tuttocitta.it,Male
776,mdearnalylj@prlog.org,Female
777,brackamlk@newyorker.com,Male
778,fmyrtlell@taobao.com,Female
779,mkinghornlm@mediafire.com,Male
780,zkemberln@vimeo.com,Female
781,vclaylo@army.mil,Female
782,wopferlp@wikia.com,Female
783,arockhilllq@angelfire.com,Male
784,eephgravelr@last.fm,Male
785,nvideneevls@shutterfly.com,Male
786,bpreenelt@shutterfly.com,Female
787,gkornilyevlu@homestead.com,Female
788,bbesselv@senate.gov,Female
789,mbertelmotlw@whitehouse.gov,Male
790,escogingslx@ow.ly,Male
791,dcamackely@hatena.ne.jp,Male
792,hszepelz@bloglines.com,Male
793,tcardism0@squidoo.com,Male
794,fbenittim1@mlb.com,Female
795,alaxsonm2@nhs.uk,Female
796,abuym3@eventbrite.com,Male
797,rpoatem4@edublogs.org,Female
798,lmaltsterm5@umich.edu,Male
799,bwessellm6@dailymotion.com,Female
800,emccrillism7@opensource.org,Female
801,ebealm8@uol.com.br,Female
802,jsuttellm9@wikipedia.org,Male
803,ocasleyma@sciencedaily.com,Male
804,dbarfootmb@dion.ne.jp,Female
805,cbouldmc@dot.gov,Female
806,csoppittmd@indiegogo.com,Male
807,dharceme@rambler.ru,Male
808,rmiguelmf@phpbb.com,Female
809,mshawemg@jigsy.com,Male
810,lperottmh@over-blog.com,Female
811,cbastistinimi@soup.io,Female
812,bwhyberdmj@facebook.com,Female
813,pcalkinmk@chron.com,Male
814,lhogginsml@cornell.edu,Female
815,dsigwardmm@multiply.com,Male
816,fsimeonimn@tuttocitta.it,Male
817,fgeorgermo@hostgator.com,Male
818,mbigmoremp@xinhuanet.com,Female
819,lboughenmq@infoseek.co.jp,Male
820,jstitchermr@canalblog.com,Female
821,sodeoranms@sphinn.com,Female
822,tpaynmt@apache.org,Male
823,vhawardenmu@twitpic.com,Male
824,kbaskettermv@delicious.com,Female
825,mcorsonmw@de.vu,Female
826,amccoolemx@buzzfeed.com,Male
827,nantonikovmy@psu.edu,Male
828,aferrymz@wordpress.com,Female
829,rstockenn0@businessweek.com,Female
830,ebonnn1@time.com,Male
831,aandrzejakn2@ca.gov,Female
832,ylaffoleylanen3@xrea.com,Male
833,wbonyn4@google.pl,Female
834,taindriun5@rediff.com,Female
835,aberringern6@slashdot.org,Male
836,zcreaneyn7@bing.com,Female
837,achifneyn8@unicef.org,Male
838,vtearneyn9@businessweek.com,Male
839,bgarfootna@vistaprint.com,Female
840,lrignoldnb@elpais.com,Female
841,bcrinkleync@shareasale.com,Male
842,ddjordjevicnd@theatlantic.com,Male
843,rtrenbayne@newsvine.com,Male
844,jtitheridgenf@blog.com,Female
845,acanariong@g.co,Male
846,ahuscroftnh@edublogs.org,Male
847,mfayerbrotherni@buzzfeed.com,Female
848,twithropnj@admin.ch,Male
849,ohauckenk@loc.gov,Male
850,cbirtlesnl@quantcast.com,Female
851,mperottinm@dmoz.org,Male
852,hallmennn@pbs.org,Male
853,mhoovartno@nba.com,Female
854,smalbynp@csmonitor.com,Male
855,ccristoforettinq@ft.com,Male
856,cmckinnanr@mashable.com,Female
857,gmoodeyns@hud.gov,Female
858,lmcginlynt@tamu.edu,Male
859,ccaltonnu@patch.com,Male
860,csennettnv@geocities.jp,Female
861,owitznw@nationalgeographic.com,Male
862,qbushnellnx@weibo.com,Male
863,lcrosstonny@gnu.org,Female
864,kmarslandnz@aboutads.info,Male
865,ljarmano0@booking.com,Male
866,ablundelo1@gmpg.org,Female
867,rskpseyo2@loc.gov,Male
868,dadamssono3@vimeo.com,Male
869,prowlatto4@wired.com,Male
870,gwildeyo5@wired.com,Male
871,ehammersleyo6@constantcontact.com,Female
872,cmelburgo7@gov.uk,Female
873,mhanburybrowno8@si.edu,Female
874,cspeekso9@nsw.gov.au,Female
875,mnewlanoa@sourceforge.net,Male
876,tbenkoob@etsy.com,Female
877,lhameoc@paginegialle.it,Male
878,rmcmurtyod@stanford.edu,Male
879,cgoodenoe@spiegel.de,Male
880,ostonhouseof@gnu.org,Male
881,mroscriggog@google.com.au,Female
882,htheyeroh@wix.com,Female
883,rgreberoi@ask.com,Female
884,mmccorryoj@barnesandnoble.com,Female
885,hclealok@goo.gl,Male
886,wquantrellol@webmd.com,Female
887,jdownageom@nymag.com,Female
888,swindrosson@de.vu,Female
889,lhammilloo@ed.gov,Female
890,cvolageop@sitemeter.com,Female
891,hrigglesfordoq@amazon.com,Male
892,dhalmor@vinaora.com,Male
893,adoutchos@feedburner.com,Male
894,phowroydot@hostgator.com,Female
895,rricoldou@kickstarter.com,Female
896,thayesov@census.gov,Male
897,sgareow@nature.com,Female
898,nnisiusox@a8.net,Female
899,fgillettoy@webeden.co.uk,Female
900,klightolleroz@rambler.ru,Male
901,jallmenp0@yahoo.co.jp,Male
902,jbranchettp1@comsenz.com,Female
903,jthowesp2@msn.com,Male
904,amerryfieldp3@vk.com,Male
905,dleavryp4@berkeley.edu,Female
906,cvieyrap5@rediff.com,Male
907,mlacep6@usatoday.com,Female
908,mkellettp7@zimbio.com,Female
909,mmulranp8@creativecommons.org,Female
910,rblonfieldp9@tripod.com,Female
911,dgaskarthpa@ca.gov,Female
912,pnealepb@un.org,Female
913,dshilstonepc@mit.edu,Male
914,acottlepd@odnoklassniki.ru,Male
915,vloftingpe@bizjournals.com,Female
916,edamatopf@tinyurl.com,Female
917,ebranthwaitepg@eepurl.com,Male
918,pwoodroofph@w3.org,Female
919,gstinsonpi@bing.com,Male
920,mkruszelnickipj@1und1.de,Male
921,ldreghornpk@nba.com,Male
922,xquimbypl@photobucket.com,Female
923,acrowestpm@geocities.com,Male
924,sdivepn@nsw.gov.au,Male
925,fjusthampo@forbes.com,Male
926,pstovoldpp@pen.io,Male
927,fmongerpq@miibeian.gov.cn,Female
928,malmakpr@unc.edu,Male
929,saimps@dyndns.org,Female
930,cdibiaggipt@harvard.edu,Female
931,wtallispu@joomla.org,Male
932,ckearypv@prweb.com,Female
933,hbennedickpw@cyberchimps.com,Male
934,bvannuccipx@ning.com,Female
935,abelinpy@china.com.cn,Male
936,dguisepz@wordpress.org,Female
937,ggritsunovq0@naver.com,Male
938,bfolomkinq1@people.com.cn,Female
939,cgergq2@hubpages.com,Male
940,osalandinoq3@usgs.gov,Male
941,crojahnq4@tinyurl.com,Female
942,gmomeryq5@mapquest.com,Male
943,vpaulitschkeq6@nps.gov,Female
944,nstilemanq7@constantcontact.com,Female
945,kmillhillq8@free.fr,Male
946,mrowanq9@uiuc.edu,Female
947,tduthieqa@un.org,Male
948,lagateqb@cnbc.com,Female
949,jlyfieldqc@tripadvisor.com,Male
950,kflecknellqd@parallels.com,Female
951,isymesqe@cyberchimps.com,Male
952,klalleyqf@usatoday.com,Female
953,opatriaqg@mayoclinic.com,Female
954,jpurseqh@flavors.me,Male
955,tlongstaffqi@craigslist.org,Female
956,mrexqj@zimbio.com,Female
957,afortnumqk@yellowpages.com,Female
958,lcraighillql@nba.com,Male
959,pburnageqm@mediafire.com,Female
960,jpaylorqn@usa.gov,Male
961,sgillianqo@t-online.de,Female
962,lghionqp@artisteer.com,Female
963,cciccarelloqq@vistaprint.com,Male
964,djochensqr@shop-pro.jp,Male
965,jsoreqs@360.cn,Female
966,esparshottqt@usa.gov,Female
967,reglequ@cbslocal.com,Female
968,gfranchioniqv@ox.ac.uk,Male
969,gpritchardqw@people.com.cn,Female
970,mrankcomqx@whitehouse.gov,Male
971,rcolumqy@unc.edu,Female
972,eperinqz@webmd.com,Male
973,nnieser0@ucla.edu,Female
974,cantonopoulosr1@wired.com,Male
975,kdaveranr2@1und1.de,Male
976,qbreitr3@google.cn,Male
977,hhackerr4@friendfeed.com,Male
978,ccarnegier5@tripadvisor.com,Male
979,esparlingr6@craigslist.org,Male
980,lsynker7@ucoz.ru,Male
981,bwallbankr8@cocolog-nifty.com,Female
982,pparsonsonr9@aboutads.info,Male
983,krawsthornera@ezinearticles.com,Female
984,ethawrb@google.com.hk,Male
985,cgoodnowrc@businessinsider.com,Male
986,hmatthewesrd@yahoo.com,Male
987,mkennardre@phoca.cz,Female
988,tcailerf@jalbum.net,Male
989,epicotrg@dropbox.com,Female
990,hstrutzrh@multiply.com,Male
991,sfennickri@booking.com,Female
992,kpolleyerj@studiopress.com,Male
993,bmarkusrk@shutterfly.com,Female
994,esiseyrl@myspace.com,Male
995,lismailrm@walmart.com,Female
996,lhalleyrn@moonfruit.com,Female
997,sbidewelro@cdc.gov,Female
998,knickolsrp@issuu.com,Female
999,ikinsetrq@vk.com,Male
1000,asaicerr@loc.gov,Male
